{
    "$schema": "https://schema.management.azure.com/schemas/2015-01-01/deploymentParameters.json#",
    "contentVersion": "1.0.0.0",
    "parameters": {
        "sites_testwebappclaudiu_name": {
            "value": null
        },
        "vaults_testkeyvaultclaudiu_name": {
            "value": null
        },
        "virtualNetworks_testvnetclaudiu_name": {
            "value": null
        },
        "publicIPAddresses_oublicgatewayIP_name": {
            "value": null
        },
        "storageAccounts_testadlsgen2claudiu_name": {
            "value": null
        },
        "publicIPAddresses_publiciploadbalancer_name": {
            "value": null
        },
        "virtualNetworkGateways_testvnetgateway_name": {
            "value": null
        },
        "serverfarms_WebApplication320180611052933Plan_externalid": {
            "value": null
        }
    }
}